{"cameraMode":{"drawMode":0,"name":"Shaded","section":"Shading Mode"},"sceneLighting":true,"audioPlay":false,"sceneViewState":{"m_AlwaysRefresh":false,"showFog":true,"showSkybox":true,"showFlares":true,"showImageEffects":true,"showParticleSystems":true,"showVisualEffectGraphs":true,"m_FxEnabled":true},"in2DMode":false,"pivot":{"x":-0.9669145941734314,"y":-0.732903778553009,"z":-0.11845606565475464},"rotation":{"x":-0.1247473806142807,"y":0.8751628398895264,"z":-0.33724018931388857,"w":-0.32372984290122988},"size":1.299038052558899,"orthographic":true}